speaker,text,date,year,debate_id
Kaine,"Elaine, thank you for being here tonight, and, Governor Pence, welcome. It is so great to be back at Longwood University in Farmville, Virginia.",2016-10-04,2016,2016_October_4_2016
Quijano,Governor Pence?,2016-10-04,2016,2016_October_4_2016
Pence,"Well, first off, thank you, Elaine, and thank you to — thank you to Norwood University for their wonderful hospitality and the Commission on Presidential Debates. It’s deeply humbling for me to be here, to be surrounded by my — my wonderful family.",2016-10-04,2016,2016_October_4_2016
Quijano,"Senator Kaine, on the campaign trail, you praised Secretary Clinton’s character, including her commitment to public service, yet 60 percent of voters don’t think she’s trustworthy. Why do so many people distrust her? Is it because they have questions about her e-mails and the Clinton Foundation?",2016-10-04,2016,2016_October_4_2016
Kaine,"Elaine, let me tell you why I trust Hillary Clinton. Here’s what people should look at as they look at a public servant. Do they have a passion in their life that showed up before they were in public life? And have they held onto that passion throughout their life, regardless of whether they were in office or not, succeeding or failing?",2016-10-04,2016,2016_October_4_2016
Quijano,"Governor Pence, let me ask you, you have said Donald Trump is, quote, “thoughtful, compassionate, and steady.” Yet 67 percent of voters feel he is a risky choice, and 65 percent feel he does not have the right kind of temperament to be president. Why do so many Americans think Mr. Trump is simply too erratic?",2016-10-04,2016,2016_October_4_2016
Pence,"Well, let me — let me say first and foremost that, Senator, you and Hillary Clinton would know a lot about an insult-driven campaign. It really is remarkable. At a time when literally, in the wake of Hillary Clinton’s tenure as secretary of state, where she was the architect of the Obama administration’s foreign policy, we see entire portions of the world, particularly the wider Middle East, literally spinning out of control. I mean, the situation we’re watching hour by hour in Syria today is the result of the failed foreign policy and the weak foreign policy that Hillary Clinton helped lead in this administration and create. The newly emboldened — the aggression of Russia, whether it was in Ukraine or now their heavy-handed approach…",2016-10-04,2016,2016_October_4_2016
Kaine,You guys love Russia. You both have said…,2016-10-04,2016,2016_October_4_2016
Pence,… their heavy-handed approach.,2016-10-04,2016,2016_October_4_2016
Kaine,You both have said — you both have said Vladimir Putin is a better leader than the president.,2016-10-04,2016,2016_October_4_2016
Pence,Well…[crosstalk],2016-10-04,2016,2016_October_4_2016
Quijano,"Well, we’re going to get to Russia in just a moment. But I do want to get back to the question at…",2016-10-04,2016,2016_October_4_2016
Pence,"But in the midst — Elaine, thank you. Thank you. Thank you, Senator, I’ll…",2016-10-04,2016,2016_October_4_2016
Kaine,These guys have praised Vladimir Putin as a great leader. How can that…[crosstalk],2016-10-04,2016,2016_October_4_2016
Quijano,"Yes, and we will get to that, Senator. We do have that coming up here. But in the meantime, the questions…",2016-10-04,2016,2016_October_4_2016
Pence,"Well, Senator, I must have hit a…[crosstalk]…I must have hit a nerve here.",2016-10-04,2016,2016_October_4_2016
Quijano,Why the disconnect?,2016-10-04,2016,2016_October_4_2016
Pence,"Because at a time of great challenge in the life of this nation, where we’ve weakened America’s place in the world, stifled America’s economy, the campaign of Hillary Clinton and Tim Kaine has been an avalanche of insults.",2016-10-04,2016,2016_October_4_2016
Kaine,And paid few taxes and lost a billion a year.,2016-10-04,2016,2016_October_4_2016
Quijano,And why the disconnect with your running mate?,2016-10-04,2016,2016_October_4_2016
Pence,"But there’s a — there’s a reason why people question the trustworthiness of Hillary Clinton. And that’s because they’re paying attention. I mean, the reality is, when she was secretary of state, Senator, come on. She had a Clinton Foundation accepting contributions from foreign governments.",2016-10-04,2016,2016_October_4_2016
Kaine,You are Donald Trump’s apprentice. Let me talk about this…[crosstalk],2016-10-04,2016,2016_October_4_2016
Pence,"Senator, I think I’m still on my time.",2016-10-04,2016,2016_October_4_2016
Kaine,"Well, I think — isn’t this a discussion?",2016-10-04,2016,2016_October_4_2016
Quijano,This is our open discussion.,2016-10-04,2016,2016_October_4_2016
Kaine,"Yeah, let’s talk about the state of…[crosstalk]",2016-10-04,2016,2016_October_4_2016
Pence,"Well, let me interrupt — let me interrupt you and finish my sentence, if I can.",2016-10-04,2016,2016_October_4_2016
Kaine,Finish your sentence.,2016-10-04,2016,2016_October_4_2016
Pence,The Clinton Foundation accepted foreign contributions from foreign governments and foreign donors while she was secretary of state.,2016-10-04,2016,2016_October_4_2016
Kaine,"OK, now I can weigh in. Now…",2016-10-04,2016,2016_October_4_2016
Pence,She had a private server…,2016-10-04,2016,2016_October_4_2016
Kaine,"Now, I get to weigh in. Now, let me just say this…",2016-10-04,2016,2016_October_4_2016
Pence,… that was discovered…[crosstalk],2016-10-04,2016,2016_October_4_2016
Quijano,"… Senator, you have an opportunity to respond.",2016-10-04,2016,2016_October_4_2016
Pence,… keep that pay to play process out of the reach of the public.,2016-10-04,2016,2016_October_4_2016
Kaine,"Governor Pence — Governor Pence doesn’t think the world’s going so well and he, you know, is going to say it’s everybody’s fault.",2016-10-04,2016,2016_October_4_2016
Kaine,"Let me tell you this. When Hillary Clinton became secretary of state, Governor Pence, do you know that Osama bin Laden was alive?",2016-10-04,2016,2016_October_4_2016
Kaine,"Do you know that we had 175,000 troops deployed in the battlefield in Iraq and Afghanistan? Do you know that Iran was racing toward a nuclear weapon and Russia was expanding its stockpile?",2016-10-04,2016,2016_October_4_2016
Pence,Eliminate the Iranian nuclear weapons program?,2016-10-04,2016,2016_October_4_2016
Kaine,"Absolutely, without firing a shot. And instead of 175,000 American troops deployed overseas, we now have 15,000.",2016-10-04,2016,2016_October_4_2016
Pence,Right and…,2016-10-04,2016,2016_October_4_2016
Kaine,"These are very, very good things.",2016-10-04,2016,2016_October_4_2016
Pence,"And Iraq has been overrun by ISIS, because Hillary Clinton failed to renegotiate…",2016-10-04,2016,2016_October_4_2016
Kaine,"Well, if you want to put more American troops in Iraq, you can propose that.",2016-10-04,2016,2016_October_4_2016
Pence,Hillary Clinton — Hillary Clinton — Hillary Clinton failed to renegotiate a status of forces agreement…,2016-10-04,2016,2016_October_4_2016
Kaine,"No, that is incorrect. That’s incorrect.",2016-10-04,2016,2016_October_4_2016
Pence,And so we removed — we removed all of our…,2016-10-04,2016,2016_October_4_2016
Quijano,"Gentlemen, we’ll get to…[crosstalk]",2016-10-04,2016,2016_October_4_2016
Pence,"… troops from Iraq, and ISIS was able to be conjured up in that vacuum.",2016-10-04,2016,2016_October_4_2016
Kaine,But I’d like to correct…,2016-10-04,2016,2016_October_4_2016
Pence,… and overrun vast areas of Iraq.,2016-10-04,2016,2016_October_4_2016
Kaine,"Governor, President Bush said we would leave Iraq at the end of 2011. And, Elaine, Iraq didn’t want our troops to stay, and they wouldn’t give us the protection for our troops. And guess what? If a nation where our troops are serving does not want us to stay, we’re not going to stay without their protection.",2016-10-04,2016,2016_October_4_2016
Pence,It was a failure of the secretary of state…,2016-10-04,2016,2016_October_4_2016
Quijano,"We need to move on to the next topic, gentlemen.",2016-10-04,2016,2016_October_4_2016
Kaine,"If Governor Pence wants to put more troops back in Iraq, that’s…",2016-10-04,2016,2016_October_4_2016
Quijano,There are a lot of people wondering in this country about the economy. Let’s turn to the issue of the economy.,2016-10-04,2016,2016_October_4_2016
Quijano,"According to the nonpartisan Committee for a Responsible Federal Budget, neither of your economic plans will reduce the growing $19 trillion gross national debt. In fact, your plans would add even more to it.",2016-10-04,2016,2016_October_4_2016
Pence,"I think the fact that — that under this past administration of which Hillary Clinton was a part, we’ve almost doubled the national debt is atrocious. I mean, I’m very proud of the fact that — I come from a state that works. The state of Indiana has balanced budgets. We cut taxes, we’ve made record investments in education and in infrastructure, and I still finish my term with $2 billion in the bank.",2016-10-04,2016,2016_October_4_2016
Quijano,Senator Kaine?,2016-10-04,2016,2016_October_4_2016
Kaine,"Elaine, on the economy, there’s a fundamental choice for the American electorate. Do you want a “you’re hired” president in Hillary Clinton or do you want a “you’re fired” president in Donald Trump? I think that’s not such a hard choice.",2016-10-04,2016,2016_October_4_2016
Quijano,"On that point, Governor Pence, recently the New York Times released part of Mr. Trump’s 1995 tax return and reported that he could have avoided paying federal income taxes for years. Yesterday, Mr. Trump said he brilliantly used the laws to pay as little tax as legally possible. Does that seem fair to you?",2016-10-04,2016,2016_October_4_2016
Pence,"Well, first, let me say, I appreciated the “you’re hired,” “you’re fired” thing, Senator. You use that a whole lot. And I think your running mate used a lot of pre-done lines.",2016-10-04,2016,2016_October_4_2016
Kaine,Fifteen million new jobs?,2016-10-04,2016,2016_October_4_2016
Pence,… slowest economic recovery since the Great Depression.,2016-10-04,2016,2016_October_4_2016
Kaine,Fifteen million new jobs?,2016-10-04,2016,2016_October_4_2016
Quijano,Governor…[crosstalk],2016-10-04,2016,2016_October_4_2016
Pence,There are millions more people living in poverty today than the day that Barack Obama with Hillary Clinton at his side…,2016-10-04,2016,2016_October_4_2016
Kaine,And the poverty level and the median income…,2016-10-04,2016,2016_October_4_2016
Pence,… stepped into the Oval Office.,2016-10-04,2016,2016_October_4_2016
Kaine,… improved dramatically between 2014 and 2015.,2016-10-04,2016,2016_October_4_2016
Pence,"You — honestly, Senator, you can roll out the numbers and the sunny side, but I got to tell you, people in Scranton know different. People in Fort Wayne, Indiana, know different. I mean, this economy is struggling. The answer to this economy is not more taxes.",2016-10-04,2016,2016_October_4_2016
Kaine,But it’s not the giveaway tax relief to the folks at the top.,2016-10-04,2016,2016_October_4_2016
Pence,It’s not more spending…[crosstalk],2016-10-04,2016,2016_October_4_2016
Kaine,I am interested to hear whether he’ll defend his running mate’s not releasing taxes and not paying taxes.,2016-10-04,2016,2016_October_4_2016
Pence,Absolutely I will.,2016-10-04,2016,2016_October_4_2016
Quijano,"Governor, with all due respect, the question was about whether it seems fair to you that Mr. Trump said he brilliantly used the laws to pay as little tax as legally possible.",2016-10-04,2016,2016_October_4_2016
Pence,"Well, this is probably the difference between Donald Trump and Hillary Clinton and Senator Kaine. And, I mean, Hillary Clinton and Senator Kaine — God bless you for it, career public servants, that’s great — Donald Trump is a businessman, not a career politician. He actually built a business.",2016-10-04,2016,2016_October_4_2016
Kaine,But why won’t he release his tax returns?,2016-10-04,2016,2016_October_4_2016
Pence,"Well, we’re answering the question about — about a business thing, is he…",2016-10-04,2016,2016_October_4_2016
Kaine,"I do want to come back to that, but…",2016-10-04,2016,2016_October_4_2016
Pence,"His tax returns — his tax returns showed he went through a very difficult time, but he used the tax code just the way it’s supposed to be used. And he did it brilliantly.",2016-10-04,2016,2016_October_4_2016
Kaine,How do you know that? You haven’t seen his tax returns.,2016-10-04,2016,2016_October_4_2016
Pence,He created a runway — because he’s created a business that’s worth billions of dollars today.,2016-10-04,2016,2016_October_4_2016
Kaine,How do you know that?,2016-10-04,2016,2016_October_4_2016
Pence,"And with regard to paying taxes, this whole riff about not paying taxes and people saying he didn’t pay taxes for years, Donald Trump has created tens of thousands of jobs. And he’s paid payroll taxes, sales taxes, property taxes…",2016-10-04,2016,2016_October_4_2016
Kaine,"Elaine, let me talk about something.",2016-10-04,2016,2016_October_4_2016
Quijano,"Senator, I’m going to give you about 30 seconds to respond, and I have question on Social Security for you.",2016-10-04,2016,2016_October_4_2016
Pence,"The only issue on taxes — Hillary Clinton is going to raise taxes, and Donald Trump and I are going to cut them.",2016-10-04,2016,2016_October_4_2016
Kaine,"Donald Trump started this campaign in 2014 and he said, “If I run for president, I will absolutely release my taxes.” He’s broken his first…",2016-10-04,2016,2016_October_4_2016
Pence,And he will.,2016-10-04,2016,2016_October_4_2016
Kaine,"He’s broken his first promise. Second, he stood on the stage…",2016-10-04,2016,2016_October_4_2016
Pence,He hasn’t broken his promise. He said he’s…,2016-10-04,2016,2016_October_4_2016
Kaine,"He stood on the stage last week and when Hillary said, you haven’t been paying taxes, he said, “That makes me smart.” So it’s smart not to pay for our military? It’s smart not to pay for veterans? It’s smart not to pay for teachers? And I guess all of us who do pay for those things, I guess we’re stupid. And the last thing I’ll say is this…",2016-10-04,2016,2016_October_4_2016
Pence,"Senator, do you take all the deductions that you’re entitled to?",2016-10-04,2016,2016_October_4_2016
Kaine,The last thing — the last thing I want to ask Governor Pence is…,2016-10-04,2016,2016_October_4_2016
Kaine,Governor Pence had to give Donald Trump his tax returns to show he was qualified to be vice president. Donald Trump must give the American public his tax returns to show that he’s qualified to be president. And he’s breaking his promise.,2016-10-04,2016,2016_October_4_2016
Pence,"Elaine, I have to respond to this.",2016-10-04,2016,2016_October_4_2016
Quijano,"You get very little time, 20 seconds.",2016-10-04,2016,2016_October_4_2016
Pence,I’ll be — I’ll be very respectful.,2016-10-04,2016,2016_October_4_2016
Pence,"Look, Donald Trump has filed over 100 pages of financial disclosure, which is what the law requires.",2016-10-04,2016,2016_October_4_2016
Kaine,But he said he would release his tax returns.,2016-10-04,2016,2016_October_4_2016
Quijano,"All right, Gentlemen…",2016-10-04,2016,2016_October_4_2016
Pence,"The American people can review that. And he’s going — Senator, he’s going to release his tax returns when the audit is over…",2016-10-04,2016,2016_October_4_2016
Quijano,… I need to ask you about Social Security…,2016-10-04,2016,2016_October_4_2016
Kaine,Richard Nixon released tax returns when he was under audit.,2016-10-04,2016,2016_October_4_2016
Pence,They’re going to raise your taxes. We’re going to cut your taxes.,2016-10-04,2016,2016_October_4_2016
Quijano,Gentlemen…,2016-10-04,2016,2016_October_4_2016
Kaine,If you can’t meet Nixon’s standard…,2016-10-04,2016,2016_October_4_2016
Quijano,The people at home cannot understand either one of you when you speak over each other. I would please ask you to wait until it is that the other is finished.,2016-10-04,2016,2016_October_4_2016
Kaine,All right. We’re having fun up here.,2016-10-04,2016,2016_October_4_2016
Quijano,"Senator Kaine, on the issue of Social Security, in 18 years, when the Social Security Trust Funds run out of money, you’ll be 76. The Committee for a Responsible Federal Budget estimates your benefits could be cut by as much as $7,500 per year. What would your administration do to prevent this cut?",2016-10-04,2016,2016_October_4_2016
Kaine,"First, we’re going to protect Social Security, which is one of the greatest programs that the American government has ever done. It happened at a time when you would work your whole life, your whole life, raising your kids, working, being a Little League coach or a Sunday school teacher, and then you would retire into poverty. And Social Security has enabled people to retire with dignity and overwhelmingly not be in poverty.",2016-10-04,2016,2016_October_4_2016
Quijano,"Governor Pence, I’ll give you an opportunity to respond.",2016-10-04,2016,2016_October_4_2016
Pence,"Well, thanks, Elaine. There they go again. OK…",2016-10-04,2016,2016_October_4_2016
Kaine,Go read — go read the book.,2016-10-04,2016,2016_October_4_2016
Pence,All Donald Trump — all Donald Trump and I have said about Social Security is we’re going to meet our obligations to our seniors. That’s it.,2016-10-04,2016,2016_October_4_2016
Kaine,Go read the book.,2016-10-04,2016,2016_October_4_2016
Pence,"We’ve said we’re going to meet the obligations of Medicare. That’s what this campaign is really about, Senator. And I get, this is — this is the old scare tactic that they roll out…",2016-10-04,2016,2016_October_4_2016
Kaine,"But — but you have a voting record, Governor.",2016-10-04,2016,2016_October_4_2016
Pence,"And I get all of that. I just, look…",2016-10-04,2016,2016_October_4_2016
Pence,There’s a question that you asked a little bit earlier that I want to go back to.,2016-10-04,2016,2016_October_4_2016
Kaine,I can’t believe that you won’t defend your own voting record.,2016-10-04,2016,2016_October_4_2016
Pence,I have to go back to.,2016-10-04,2016,2016_October_4_2016
Pence,"Well, look, I — you’re running with Hillary Clinton, who wants to raise taxes by $1 trillion, increase spending by $2 trillion, and you say you’re going to keep the promises of Social Security. Donald Trump and I are going to cut taxes. We’re going to — we’re going to — we’re going to…",2016-10-04,2016,2016_October_4_2016
Kaine,You’re not going to cut taxes. You’re going to raise taxes on the middle class.,2016-10-04,2016,2016_October_4_2016
Pence,… reform government programs so we can meet the obligations of Social Security and Medicare.,2016-10-04,2016,2016_October_4_2016
Quijano,"All right. PENCE: Stay on the path that your party has us on, we’re going to be in a — in a mountain range of debt. And we’re going to face hard choices and…[crosstalk]",2016-10-04,2016,2016_October_4_2016
Kaine,"You did ask this question about debt, and the debt explosion on the Trump plan is much, much bigger than anything on the Clinton side.",2016-10-04,2016,2016_October_4_2016
Quijano,All right. Let me move on now…,2016-10-04,2016,2016_October_4_2016
Pence,Three hundred and five economists said your plan is bad for the economy.,2016-10-04,2016,2016_October_4_2016
Quijano,"… to the issue of law enforcement and race relations. Law enforcement and race relations. After the Dallas police shooting, Police Chief David Brown said, quote, “We’re asking cops to do too much in this country. Every societal failure we put it off on the cops to solve. Not enough mental health funding, not enough drug addiction funding, schools fail, let’s give it to the cops.”",2016-10-04,2016,2016_October_4_2016
Kaine,"Elaine, I think that’s a very fair comment. I think we put a lot on police shoulders. And this is something I got a lot of scar tissue and experience on.",2016-10-04,2016,2016_October_4_2016
Quijano,Governor Pence?,2016-10-04,2016,2016_October_4_2016
Pence,"You know, my uncle was a cop, a career cop, on the beat in downtown Chicago. He was my hero when I was growing up. And we’d go up to visit my dad’s family in Chicago. My three brothers and I would marvel at my uncle when he would come out in his uniform, sidearm at his side.",2016-10-04,2016,2016_October_4_2016
Kaine,Can I — can I explain…,2016-10-04,2016,2016_October_4_2016
Pence,"… I just think what we ought to do is we ought to stop seizing on these moments of tragedy. We ought to assure the public that we’ll have a full and complete and transparent investigation whenever there’s a loss of life because of police action. But, Senator, please, you know, enough of this seeking every opportunity to demean law enforcement broadly by making the accusation of implicit bias every time tragedy occurs.",2016-10-04,2016,2016_October_4_2016
Kaine,"Elaine — Elaine, people shouldn’t be afraid to bring up issues of bias in law enforcement. And if you’re afraid to have…",2016-10-04,2016,2016_October_4_2016
Pence,I’m not afraid to bring that up.,2016-10-04,2016,2016_October_4_2016
Kaine,"And if — if you’re afraid to have the discussion, you’ll never solve it. And so here’s — here’s an example, heartbreaking. We would agree this is a heartbreaking example.",2016-10-04,2016,2016_October_4_2016
Pence,We need criminal justice reform.,2016-10-04,2016,2016_October_4_2016
Kaine,"Well, we do.",2016-10-04,2016,2016_October_4_2016
Pence,Indiana has passed criminal justice reform.,2016-10-04,2016,2016_October_4_2016
Kaine,"But I just want to say, those who say that we should not…",2016-10-04,2016,2016_October_4_2016
Pence,But that’s not what you’re talking about.,2016-10-04,2016,2016_October_4_2016
Kaine,"… we should not be able to bring up and talk about bias in the system, we’ll never solve the problem…",2016-10-04,2016,2016_October_4_2016
Quijano,Governor Pence…[crosstalk]…Governor Pence…,2016-10-04,2016,2016_October_4_2016
Pence,"Senator, when African-American police officers involved in a police action shooting involving an African-American, why would Hillary Clinton accuse that African-American police officer of implicit bias?",2016-10-04,2016,2016_October_4_2016
Kaine,"Well, I guess I can’t believe you are defending the position that there is no bias and it’s a topic we don’t even…[crosstalk]",2016-10-04,2016,2016_October_4_2016
Quijano,"Governor Pence, I have a question on that point.",2016-10-04,2016,2016_October_4_2016
Pence,I did not make that statement. I…,2016-10-04,2016,2016_October_4_2016
Quijano,"Your fellow Republican, Governor Pence, Senator Tim Scott, who is African-American, recently spoke on the Senate floor. He said he was stopped seven times by law enforcement in one year.",2016-10-04,2016,2016_October_4_2016
Kaine,A U.S. senator.,2016-10-04,2016,2016_October_4_2016
Quijano,"He said, “I have felt the anger, the frustration, the sadness, and the humiliation that comes with feeling like you’re being targeted for nothing more than being just yourself.” What would you say to Senator Scott about his experiences?",2016-10-04,2016,2016_October_4_2016
Pence,"Well, I have the deepest respect for Senator Scott, and he’s a close friend. And what I would say is that we — we need to adopt criminal justice reform nationally. I — I signed criminal justice reform in the state of Indiana, Senator, and we’re very proud of it.",2016-10-04,2016,2016_October_4_2016
Kaine,"Elaine, can I…",2016-10-04,2016,2016_October_4_2016
Quijano,"So what would you say to Senator Scott, Governor?",2016-10-04,2016,2016_October_4_2016
Pence,"Law enforcement in this country is a force for good. They are the — they truly are people that put their lives on the line every single day. But I would — I would suggest to you, what we need to do is assert a stronger leadership at the national level to support law enforcement. You just heard Senator Kaine reject stop-and-frisk. Well, I would suggest to you that the families that live in our inner cities that are besieged by crime…",2016-10-04,2016,2016_October_4_2016
Kaine,"Elaine, let me — let me…",2016-10-04,2016,2016_October_4_2016
Quijano,"Governor, the question is about Senator Scott. What would — what would you tell Senator Scott?",2016-10-04,2016,2016_October_4_2016
Kaine,"Elaine, if I could — if I could jump in. I’ve heard Senator Scott make that eloquent plea. And look, criminal justice is about respecting the law and being respected by the law. So there is a fundamental respect issue here.",2016-10-04,2016,2016_October_4_2016
Quijano,"All right. I want to turn to our next segment now, immigration. Your running mates have both said that undocumented immigrants who have committed violent crimes should be deported. What would you tell the millions of undocumented immigrants who have not committed violent crimes? Governor Pence?",2016-10-04,2016,2016_October_4_2016
Pence,"Donald Trump’s laid out a plan to end illegal immigration once and for all in this country. We’ve been talking it to death for 20 years. Hillary Clinton and Tim Kaine want to continue the policies of open borders, amnesty, catch and release, sanctuary cities, all the things that are driving — that are driving wages down in this country, Senator, and also too often with criminal aliens in the country, it’s bringing heartbreak.",2016-10-04,2016,2016_October_4_2016
Pence,"It’s my time, Senator.",2016-10-04,2016,2016_October_4_2016
Quijano,"It is, in fact, the governor’s time.",2016-10-04,2016,2016_October_4_2016
Kaine,I apologize. It’s your two minutes. I apologize.,2016-10-04,2016,2016_October_4_2016
Pence,Thanks. I forgive you. He says ours is an insult-driven campaign. Did you all just hear that? Ours is an insult-driven campaign?,2016-10-04,2016,2016_October_4_2016
Pence,That’s small potatoes compared to Hillary Clinton…,2016-10-04,2016,2016_October_4_2016
Quijano,Senator Kaine?,2016-10-04,2016,2016_October_4_2016
Pence,…. calling half of Donald Trump’s supporters a basket of deplorables.,2016-10-04,2016,2016_October_4_2016
Kaine,"Hillary Clinton said something on the campaign trail, and the very next day, she said, you know what, I shouldn’t have said that.",2016-10-04,2016,2016_October_4_2016
Pence,She said she shouldn’t have said half.,2016-10-04,2016,2016_October_4_2016
Quijano,"Governor, this is Senator Kaine’s two minutes, please.",2016-10-04,2016,2016_October_4_2016
Kaine,"Yeah, that’s right, so now we’re even.",2016-10-04,2016,2016_October_4_2016
Pence,Yeah. [laughter],2016-10-04,2016,2016_October_4_2016
Kaine,Look for Donald Trump apologizing to John McCain for saying he wasn’t a hero…,2016-10-04,2016,2016_October_4_2016
Kaine,"… to Donald Trump apologizing for calling women slobs, pigs, dogs, disgusting.",2016-10-04,2016,2016_October_4_2016
Pence,She apologized for saying “half.”,2016-10-04,2016,2016_October_4_2016
Quijano,"Governor. It is his two minutes, please.",2016-10-04,2016,2016_October_4_2016
Kaine,Did Donald Trump apologize for taking after somebody in a Twitter war and making fun of her weight? Did he apologize for saying African-Americans are living in Hell? Did he apologize for saying President Obama was not even a citizen of the United States? You will look in vain to see Donald Trump ever taking responsibility for anybody and apologizing.,2016-10-04,2016,2016_October_4_2016
Pence,That’s nonsense. That’s nonsense.,2016-10-04,2016,2016_October_4_2016
Kaine,I cannot believe that Governor Pence would sit here and defend his running mate’s claim that we should create a deportation force to — so that they’ll all be gone.,2016-10-04,2016,2016_October_4_2016
Pence,"Senator, we have a deportation force. It’s called Immigrations and Customs Enforcement. And the union for Immigrations and Customs Enforcement for the first time in their history endorsed Donald Trump to be the next president of the United States of America.",2016-10-04,2016,2016_October_4_2016
Kaine,So you like the 16 million deportations?,2016-10-04,2016,2016_October_4_2016
Pence,"Senator, that’s — that’s nonsense. Look, what you just heard is they have a plan for open borders, amnesty. That’s…[crosstalk]",2016-10-04,2016,2016_October_4_2016
Kaine,Our plan is like Ronald Reagan’s plan from 1986.,2016-10-04,2016,2016_October_4_2016
Pence,They call it comprehensive immigration reform — they call it comprehensive immigration reform on Capitol Hill. We all know the routine. It’s amnesty. And you heard one of the last things he mentioned was border security.,2016-10-04,2016,2016_October_4_2016
Pence,"They always say we’re going to do this, we’re going to do that, we’ll eventually get the border…[crosstalk]",2016-10-04,2016,2016_October_4_2016
Kaine,"… border security three years ago, and Governor Pence was against it.",2016-10-04,2016,2016_October_4_2016
Quijano,"Governor, Mr. Trump has said…",2016-10-04,2016,2016_October_4_2016
Pence,"Ronald Reagan said a nation without borders is not a nation. Donald Trump is committed to restoring the borders of this nation and securing our nation, enforcing our laws.",2016-10-04,2016,2016_October_4_2016
Quijano,"So, Governor, how would these millions of undocumented immigrants leave? Would they be forcibly removed?",2016-10-04,2016,2016_October_4_2016
Pence,"Well, I think Donald Trump laid out a series of priorities that doesn’t ends with border security. It begins with border security. And after we secure the border, not only build a wall, but beneath the ground and in the air, we do internal enforcement.",2016-10-04,2016,2016_October_4_2016
Kaine,I just have to correct Governor Pence….,2016-10-04,2016,2016_October_4_2016
Pence,… where people can come into this country.,2016-10-04,2016,2016_October_4_2016
Kaine,I have to…,2016-10-04,2016,2016_October_4_2016
Pence,"That’s the order that you should do it. Border security, removing criminal aliens, upholding with law, and then — but then, Senator, I’ll work you when you go back to the Senate, I promise you, we’ll work with you to reform the immigration system.",2016-10-04,2016,2016_October_4_2016
Kaine,"I look forward to working together in whatever capacities we serve in. But I just want to make it very, very clear that he’s trying to fuzz up what Donald Trump has said. When Donald Trump spoke in Phoenix, he looked the audience in the eye and he said, no, we’re building a wall, and we’re deporting everybody. He said, quote, “They will all be gone.” “They will all be gone.” And this is one of these ones where you can just go to the tape on it and see what Donald Trump has said. And to add…",2016-10-04,2016,2016_October_4_2016
Pence,He’s talking about criminal aliens.,2016-10-04,2016,2016_October_4_2016
Kaine,"And to add to it, and to add to it, and to add to it, we are a nation of immigrants. Mike Pence and I both are descended from immigrant families. Some things, you know, maybe weren’t said so great about the Irish when they came, but we’ve done well by absorbing immigrants, and it’s made our nation stronger.",2016-10-04,2016,2016_October_4_2016
Quijano,"Gentleman, I’d like to shift now to the threat of terrorism. Do you think the world today is a safer or more dangerous place than it was eight years ago? Has the terrorist threat increased or decreased? Senator Kaine?",2016-10-04,2016,2016_October_4_2016
Kaine,"The terrorist threat has decreased in some ways, because bin Laden is dead. The terrorist threat has decreased in some ways because an Iranian nuclear weapons program has been stopped. The terrorist threat to United States troops has been decreased in some ways because there’s not 175,000 in a dangerous part of the world. There’s only 15,000.",2016-10-04,2016,2016_October_4_2016
Pence,"Oh, please. Come on.",2016-10-04,2016,2016_October_4_2016
Kaine,"… and Saddam Hussein. And last and most dangerously, Donald Trump believes — Donald Trump believes that the world will be safer if more nations have nuclear weapons. He’s said Saudi Arabia should get them, Japan should get them, Korea should get them. And when he was confronted with this, and told, wait a minute, terrorists could get those, proliferation could lead to nuclear war, here’s what Donald Trump said, and I quote: “Go ahead, folks, enjoy yourselves.”",2016-10-04,2016,2016_October_4_2016
Quijano,Governor Pence?,2016-10-04,2016,2016_October_4_2016
Pence,Did you work on that one a long time? Because that had a lot of really creative lines in it.,2016-10-04,2016,2016_October_4_2016
Kaine,"Well, I’m going to see if you can defend any of it.",2016-10-04,2016,2016_October_4_2016
Pence,"Well, look, I can defend — I — I — I can — I can make very clear to the American people, after traveling millions of miles as our secretary of state, after being the architect of the foreign policy of this administration, America is less safe today than it was the day that Barack Obama became president of the United States. It’s absolutely inarguable.",2016-10-04,2016,2016_October_4_2016
Kaine,I was in Virginia where the Pentagon’s…[crosstalk],2016-10-04,2016,2016_October_4_2016
Pence,I know you were. We all lived through that day as a nation. It was heartbreaking. And I want to give this president credit for bringing Osama bin Laden to justice.,2016-10-04,2016,2016_October_4_2016
Kaine,Stopping a nuclear weapons program without firing a shot?,2016-10-04,2016,2016_October_4_2016
Pence,You didn’t stop the nuclear weapons program.,2016-10-04,2016,2016_October_4_2016
Kaine,"Yes, we did.",2016-10-04,2016,2016_October_4_2016
Pence,You essentially…,2016-10-04,2016,2016_October_4_2016
Kaine,Even the Israeli military says it stopped.,2016-10-04,2016,2016_October_4_2016
Pence,"… guaranteed that Iran will someday become a nuclear power, because there’s no limitations once the period of time of the treaty comes off.",2016-10-04,2016,2016_October_4_2016
Quijano,"Governor Pence, Mr. Trump has proposed extreme vetting of immigrants from parts of the world that export terrorism. But that does not address many of the recent terrorist attacks in the United States, such as the Orlando nightclub massacre and the recent bombings in New York and New Jersey. Those were homegrown, committed by U.S. citizens and legal residents. What specific tools would you use to prevent those kinds of attacks?",2016-10-04,2016,2016_October_4_2016
Pence,"Well, I think it’s — I think it’s a great question, Elaine, but it really does begin with us reforming our immigration system and putting the interests, particularly the safety and security of the American people, first.",2016-10-04,2016,2016_October_4_2016
Kaine,"Elaine, I want to…[crosstalk]",2016-10-04,2016,2016_October_4_2016
Quijano,"Governor, the question was about homegrown.",2016-10-04,2016,2016_October_4_2016
Pence,"Yeah, and so — but first, you know, let’s make sure we’re putting the safety and security of the American people first instead of Hillary Clinton expanding the Syrian refugee program…",2016-10-04,2016,2016_October_4_2016
Kaine,Or instead of you violating the Constitution by blocking people based on their national origin rather than whether they’re dangerous.,2016-10-04,2016,2016_October_4_2016
Pence,That’s not — that’s absolutely false.,2016-10-04,2016,2016_October_4_2016
Kaine,"That’s what the Seventh Circuit decided just — here’s the difference, Elaine.",2016-10-04,2016,2016_October_4_2016
Pence,The Seventh Circuit…,2016-10-04,2016,2016_October_4_2016
Kaine,"We have different views on — on refugee issues and on immigration. Hillary and I want to do enforcement based on, are people dangerous? These guys say all Mexicans are bad.",2016-10-04,2016,2016_October_4_2016
Pence,That’s absolutely false.,2016-10-04,2016,2016_October_4_2016
Kaine,"And with respect to refugees, we want to keep people out if they’re dangerous. Donald Trump said keep them out if they’re Muslim. Mike Pence…",2016-10-04,2016,2016_October_4_2016
Pence,Absolutely…,2016-10-04,2016,2016_October_4_2016
Kaine,… put a program in place to keep them out if they’re from Syria. And yesterday an appellate court with three Republican judges struck down the Pence plan…,2016-10-04,2016,2016_October_4_2016
Pence,Right. Right.,2016-10-04,2016,2016_October_4_2016
Kaine,… and said it was discriminatory…,2016-10-04,2016,2016_October_4_2016
Pence,And those judges — those judges said…,2016-10-04,2016,2016_October_4_2016
Kaine,"We should focus upon danger, not upon discrimination.",2016-10-04,2016,2016_October_4_2016
Pence,"Elaine, to your point, those judges said it was because there wasn’t any evidence yet that — that ISIS had infiltrated the United States. Well, Germany just arrested three Syrian refugees that were connected to ISIS.",2016-10-04,2016,2016_October_4_2016
Kaine,But they told you there’s a right way and a wrong way to do it.,2016-10-04,2016,2016_October_4_2016
Pence,"But, look, if you’re going to be critical of me on that, that’s fair game. I will tell you, after two Syrian refugees were involved in the attack in Paris that is called Paris’ 9/11, as governor of the state of Indiana, I have no higher priority than the safety and security of the people of my state.",2016-10-04,2016,2016_October_4_2016
Kaine,"But, Governor Pence…",2016-10-04,2016,2016_October_4_2016
Pence,So you bet I suspended that program.,2016-10-04,2016,2016_October_4_2016
Kaine,"But, Governor Pence, I just…",2016-10-04,2016,2016_October_4_2016
Pence,"And I stand by that decision. And if I’m vice president of the United States or Donald Trump is president, we’re going to put the safety and security of the American people first.",2016-10-04,2016,2016_October_4_2016
Kaine,Sure. Can we just be clear — Hillary and I will do immigration enforcement and we’ll vet refugees based on whether they’re dangerous or not. We won’t do it based on discriminating against you from the country you come from or the religion that you practice.,2016-10-04,2016,2016_October_4_2016
Pence,But the problem with that…,2016-10-04,2016,2016_October_4_2016
Kaine,That is completely antithetical to the Jeffersonian values of…[crosstalk],2016-10-04,2016,2016_October_4_2016
Pence,"Elaine, the director of the FBI, our homeland security, said we can’t know for certain who these people are coming from Syria.",2016-10-04,2016,2016_October_4_2016
Kaine,"Yes, we can, and when we don’t let them know, we don’t let them in.",2016-10-04,2016,2016_October_4_2016
Pence,So — the FBI…,2016-10-04,2016,2016_October_4_2016
Kaine,"When we don’t know who they are, we don’t let them in.",2016-10-04,2016,2016_October_4_2016
Pence,"The FBI and homeland security said we can’t know for certain. You’ve got to err on the side of the safety and security of the American people, Senator. I understand the…",2016-10-04,2016,2016_October_4_2016
Kaine,By trashing all Syrians or trashing all Muslims?,2016-10-04,2016,2016_October_4_2016
Pence,… the U.N. wants us to expand the Syrian refugee program…,2016-10-04,2016,2016_October_4_2016
Quijano,"Senator Kaine, let me ask you this. Secretary Clinton…",2016-10-04,2016,2016_October_4_2016
Pence,We’re going to put the safety and security of the American people first.,2016-10-04,2016,2016_October_4_2016
Quijano,… has talked about an intelligence surge.,2016-10-04,2016,2016_October_4_2016
Quijano,What exactly would an intelligence surge look like? And how would that help identify terrorists with no operational connection to a foreign terrorist organization?,2016-10-04,2016,2016_October_4_2016
Kaine,"Intelligence surge is two things, Elaine. It’s two things. It’s, first, dramatically expanding our intelligence capacities by hiring great professionals, but also we’ve got some of the best intel and cyber employees in the world right here in the United States working for many of our private sector companies.",2016-10-04,2016,2016_October_4_2016
Pence,"That’s not his plan. KAINE: Well, he said NATO is obsolete. And, look, if you put aside — push aside your alliances, who you’re going to share intelligence with? Hillary Clinton is the secretary of state who knows how to build alliances. She built the sanctions regime around the world that stopped the Iranian nuclear weapons program. And that’s what an intelligence surge means. Better skill and capacity, but also better alliances.",2016-10-04,2016,2016_October_4_2016
Quijano,All right. I’d like to turn now to the tragedy in Syria. Two hundred fifty thousand…,2016-10-04,2016,2016_October_4_2016
Pence,Can I speak about the cybersecurity surge at all?,2016-10-04,2016,2016_October_4_2016
Quijano,"You can — you can have 30 seconds, Governor, quickly, please.",2016-10-04,2016,2016_October_4_2016
Pence,"First, Donald Trump just spoke about this issue this week. We have got to bring together the best resources of this country to understand that cyber warfare is the new warfare of the asymmetrical enemies that we face in this country. And I look forward if I’m privileged to be in this role of working with you in the Senate to make sure that we resource that effort.",2016-10-04,2016,2016_October_4_2016
Kaine,We will work together in whatever roles we inhabit.,2016-10-04,2016,2016_October_4_2016
Pence,"We have an intelligence, sir. But I will also tell you that it’s important in this moment to remember that Hillary Clinton had a private server in her home that had classified information on it…",2016-10-04,2016,2016_October_4_2016
Quijano,And I don’t — 30 seconds is on up.,2016-10-04,2016,2016_October_4_2016
Pence,"… about drone strikes, e-mails from the president of the United States of America were on there.",2016-10-04,2016,2016_October_4_2016
Pence,Her private server was subject to being hacked by foreign…[crosstalk],2016-10-04,2016,2016_October_4_2016
Quijano,"I’d like to ask you about Syria, Governor.",2016-10-04,2016,2016_October_4_2016
Pence,We could put cybersecurity first if we just make sure the next secretary of state doesn’t have a private server.,2016-10-04,2016,2016_October_4_2016
Kaine,A full investigation concluded that not one reasonable prosecutor would take any additional step. You don’t get to decide the rights and wrongs of this. We have a justice system that does that. And a Republican FBI director did an investigation and concluded that…[crosstalk],2016-10-04,2016,2016_October_4_2016
Quijano,"All right, we are moving on now. Two hundred fifty thousand people…",2016-10-04,2016,2016_October_4_2016
Pence,If your son or my son handled classified information the way Hillary Clinton did…,2016-10-04,2016,2016_October_4_2016
Quijano,… one hundred thousand of them children — Governor…,2016-10-04,2016,2016_October_4_2016
Pence,… they’d be court martialed.,2016-10-04,2016,2016_October_4_2016
Kaine,That is absolutely false and you know that.,2016-10-04,2016,2016_October_4_2016
Pence,Absolutely true.,2016-10-04,2016,2016_October_4_2016
Kaine,"And you know that, Governor.",2016-10-04,2016,2016_October_4_2016
Pence,It’s absolutely true.,2016-10-04,2016,2016_October_4_2016
Quijano,"Gentlemen, please.",2016-10-04,2016,2016_October_4_2016
Kaine,Because the FBI did an investigation.,2016-10-04,2016,2016_October_4_2016
Quijano,Gentlemen.,2016-10-04,2016,2016_October_4_2016
Kaine,And they concluded that there was no reasonable prosecutor who would take it further. Sorry.,2016-10-04,2016,2016_October_4_2016
Quijano,"Senator Kaine, Governor Pence, please.",2016-10-04,2016,2016_October_4_2016
Quijano,"I want to turn now to Syria. Two hundred fifty thousand people, 100,000 of them children, are under siege in Aleppo, Syria. Bunker buster bombs, cluster munitions, and incendiary weapons are being dropped on them by Russian and Syrian militaries. Does the U.S. have a responsibility to protect civilians and prevent mass casualties on this scale, Governor Pence?",2016-10-04,2016,2016_October_4_2016
Pence,"The United States of America needs to begin to exercise strong leadership to protect the vulnerable citizens and over 100,000 children in Aleppo. Hillary Clinton’s top priority when she became secretary of state was the Russian reset, the Russian reset. After the Russian reset, the Russians invaded Ukraine and took over Crimea.",2016-10-04,2016,2016_October_4_2016
Quijano,"Governor, your two minutes are up.",2016-10-04,2016,2016_October_4_2016
Pence,"We’ve just got to have American strength on the world stage. When Donald Trump becomes president of the United States, the Russians and other countries in the world will know they’re dealing with a strong American president.",2016-10-04,2016,2016_October_4_2016
Quijano,Senator Kaine?,2016-10-04,2016,2016_October_4_2016
Kaine,"Hillary and I also agree that the establishment of humanitarian zones in northern Syria with the provision of international human aid, consistent with the U.N. Security Council resolution that was passed in February 2014, would be a very, very good idea.",2016-10-04,2016,2016_October_4_2016
Pence,"Well, that offended me.",2016-10-04,2016,2016_October_4_2016
Kaine,"Governor Pence just said — Governor Pence just said that Donald Trump will rebuild the military. No, he won’t. Donald Trump is avoiding paying taxes. The New York Times story — and we need to get this — but the New York Times suggested that he probably didn’t pay taxes for about 18 years starting in 1995. Those years included the years of 9/11.",2016-10-04,2016,2016_October_4_2016
Quijano,"The question was about Aleppo, Senator.",2016-10-04,2016,2016_October_4_2016
Kaine,"He wouldn’t support troops. He wouldn’t — he wouldn’t support — this is important, Elaine. When a guy running for president will not support the troops, not support veterans, not support teachers, that’s really important.",2016-10-04,2016,2016_October_4_2016
Kaine,"And I said about Aleppo, we do agree the notion is we have to create a humanitarian zone in northern Syria. It’s very important.",2016-10-04,2016,2016_October_4_2016
Quijano,"Governor Pence, you had mentioned a no-fly zone. Where would you propose setting up a safe zone specifically? How would you keep it safe?",2016-10-04,2016,2016_October_4_2016
Pence,"Well, first and foremost, Donald Trump supports our troops. Donald Trump supports our veterans.",2016-10-04,2016,2016_October_4_2016
Kaine,He won’t pay taxes.,2016-10-04,2016,2016_October_4_2016
Pence,Donald Trump has paid all the taxes that he’s — do you not take deductions? How does that work?,2016-10-04,2016,2016_October_4_2016
Quijano,"Gentlemen, this is about Syria. I’d like to…[crosstalk]",2016-10-04,2016,2016_October_4_2016
Pence,"Honestly, Senator. Honestly, Senator.",2016-10-04,2016,2016_October_4_2016
Kaine,It is about our troops. It is about our troops.,2016-10-04,2016,2016_October_4_2016
Pence,I understand why you want to change — I understand why you want to change the subject.,2016-10-04,2016,2016_October_4_2016
Kaine,How can you support the troops if you won’t pay taxes?,2016-10-04,2016,2016_October_4_2016
Pence,I understand why you want to change the subject. And let me be very clear on this Russian thing. The larger question here…,2016-10-04,2016,2016_October_4_2016
Kaine,Do you think Donald Trump is smart to not pay taxes?,2016-10-04,2016,2016_October_4_2016
Quijano,"Gentlemen, we’re going to have time to get to Russia here.",2016-10-04,2016,2016_October_4_2016
Pence,"What we’re dealing with is the — you know, there’s an old proverb that says the Russian bear never dies, it just hibernates. And the truth of the matter is, the weak and feckless foreign policy of Hillary Clinton and Barack Obama has awakened an aggression in Russia that first appeared a few years ago with their move in Georgia, now their move into Crimea, now their move into the wider Middle East.",2016-10-04,2016,2016_October_4_2016
Quijano,And exactly how would those safe zones work? How would they remain safe?,2016-10-04,2016,2016_October_4_2016
Pence,"The — the safe zones would have to be — as the senator said, there’s already a framework for this that’s been recognized by the international community. The United States of America needs to be prepared to work with our allies in the region to create a route for safe passage and then to protect people in those areas, including with a no-fly zone.",2016-10-04,2016,2016_October_4_2016
Kaine,"Well, let me — let me come back…",2016-10-04,2016,2016_October_4_2016
Pence,… is deeply troubling to me. That will all change the day Donald Trump becomes president of the United States.,2016-10-04,2016,2016_October_4_2016
Kaine,"… and talk about — let me talk about the things that Governor Pence doesn’t want to acknowledge, Elaine. He doesn’t want to acknowledge that we stopped the Iranian nuclear weapons program. He doesn’t want to acknowledge…",2016-10-04,2016,2016_October_4_2016
Pence,You didn’t.,2016-10-04,2016,2016_October_4_2016
Kaine,… that Hillary was part of the team that got bin Laden. He doesn’t want to acknowledge…,2016-10-04,2016,2016_October_4_2016
Pence,I just did.,2016-10-04,2016,2016_October_4_2016
Kaine,"… that it’s a good thing, not a bad thing, that it’s a good thing — not a bad thing — that we’re down from 175,000 troops deployed overseas to 15,000.",2016-10-04,2016,2016_October_4_2016
Pence,"And come on. Senator. Senator, that was even beneath you and Hillary Clinton. And that — that’s pretty low.",2016-10-04,2016,2016_October_4_2016
Kaine,But do you — do you think — do you think we should have — more nuclear weapons in the world will make us safer?,2016-10-04,2016,2016_October_4_2016
Pence,"Senator, the…",2016-10-04,2016,2016_October_4_2016
Kaine,That’s what Donald Trump thinks.,2016-10-04,2016,2016_October_4_2016
Pence,Ronald Reagan also said nuclear war should never be fought because it can never be won. And the United States of America needs to make investments in modernizing our nuclear force for both deterrence…,2016-10-04,2016,2016_October_4_2016
Kaine,But can you defend Donald Trump’s claim that more nations should get nuclear weapons?,2016-10-04,2016,2016_October_4_2016
Pence,"… and assurance to our allies. But let me go back to this Iran thing. I mean, he keeps saying that they prevented — that Hillary Clinton started the deal with the Iranians prevented Iran from getting a nuclear weapon.",2016-10-04,2016,2016_October_4_2016
Kaine,That’s what the Israeli joint chiefs of staff is saying right now.,2016-10-04,2016,2016_October_4_2016
Pence,"Well, that’s not what — that’s not what Israel thinks.",2016-10-04,2016,2016_October_4_2016
Kaine,"Gadi Eizenkot, you can go check it.",2016-10-04,2016,2016_October_4_2016
Pence,You wouldn’t necessarily know that.,2016-10-04,2016,2016_October_4_2016
Kaine,Go to the tape.,2016-10-04,2016,2016_October_4_2016
Pence,I know you boycotted Prime Minister Netanyahu’s speech when he came before the Congress.,2016-10-04,2016,2016_October_4_2016
Kaine,"No, I visited him in his office. I visited him in his office.",2016-10-04,2016,2016_October_4_2016
Pence,"You boycotted the speech. The point is, what this Iran — so-called Iran deal did was essentially guarantee — I mean, when I was in Congress, I fought hard on a bipartisan basis with Republican and Democrat members to move forward the toughest sanctions, it — literally in the history of the United States, against Iran.",2016-10-04,2016,2016_October_4_2016
Kaine,And then Hillary used them to get a deal.,2016-10-04,2016,2016_October_4_2016
Pence,"We were bringing them to heel, but the goal was always that we would only lift the sanctions if Iran permanently renounced their nuclear ambitions.",2016-10-04,2016,2016_October_4_2016
Kaine,"Elaine, let me just mention one thing.",2016-10-04,2016,2016_October_4_2016
Pence,"They have not — Elaine, let me finish a sentence. They have not renounced their nuclear ambitions. And when the deal’s period runs out, there’s no limitation on them obtaining weapons. That…[crosstalk]",2016-10-04,2016,2016_October_4_2016
Quijano,"And very quickly, Senator.",2016-10-04,2016,2016_October_4_2016
Pence,… and the fact that they got $1.7 billion in a ransom payment…,2016-10-04,2016,2016_October_4_2016
Quijano,"We need to talk about Russia. Very quickly, though, Senator, please.",2016-10-04,2016,2016_October_4_2016
Pence,… is astonishing to the American people.,2016-10-04,2016,2016_October_4_2016
Kaine,"Six times tonight, I have said to Governor Pence I can’t imagine how you can defend your running mate’s position on one issue after the next. And in all six cases, he’s refused to defend his running mate.",2016-10-04,2016,2016_October_4_2016
Pence,"Well, let’s — no, no, don’t put words in my mouth.",2016-10-04,2016,2016_October_4_2016
Quijano,All right.,2016-10-04,2016,2016_October_4_2016
Pence,He’s going…[crosstalk],2016-10-04,2016,2016_October_4_2016
Kaine,And yet he is asking everybody to vote for somebody that he cannot defend. And I just think that should be underlined.,2016-10-04,2016,2016_October_4_2016
Pence,"No, I’m — look…[crosstalk]",2016-10-04,2016,2016_October_4_2016
Quijano,"All right, gentlemen, let’s talk about Russia. This is a topic that has come up.",2016-10-04,2016,2016_October_4_2016
Pence,"I’m very, very happy to defend Donald Trump. If he wants to take these one at a time, I’ll take them one at a time.",2016-10-04,2016,2016_October_4_2016
Quijano,I will give you an opportunity to do that.,2016-10-04,2016,2016_October_4_2016
Kaine,More nations should get nuclear weapons. Try to defend that.,2016-10-04,2016,2016_October_4_2016
Pence,"Don’t put words in my mouth. Well, he never said that, Senator.",2016-10-04,2016,2016_October_4_2016
Kaine,"He absolutely said it. Saudi Arabia, South Korea, Japan.",2016-10-04,2016,2016_October_4_2016
Pence,"Most of the stuff you’ve said, he’s never said.",2016-10-04,2016,2016_October_4_2016
Quijano,"Gentlemen, Russia. Russian President Vladimir Putin invaded Ukraine, annexed Crimea, and has provided crucial military support to the Assad regime. What steps, if any, would your administration take to counter these actions? Senator Kaine?",2016-10-04,2016,2016_October_4_2016
Kaine,You’ve got to be tough on Russia. So let’s start with not praising Vladimir Putin as a great leader. Donald Trump and Mike Pence have said he’s a great leader. And Donald Trump has business…,2016-10-04,2016,2016_October_4_2016
Pence,"No, we haven’t.",2016-10-04,2016,2016_October_4_2016
Kaine,… has business dealings — has business dealings with Russia that he refuses to disclose. Hillary Clinton has gone toe-to-toe with Russia. She went toe-to-toe with Russia as secretary of state to do the New START Agreement to reduce Russia’s nuclear stockpile. She’s had the experience doing it.,2016-10-04,2016,2016_October_4_2016
Pence,"Oh, that’s nonsense.",2016-10-04,2016,2016_October_4_2016
Kaine,"He was on a TV show a couple months back, and he said, “I’ll guarantee you this, Russia’s not going into the Ukraine.” And he had to be reminded that they had gone into the Crimea two years before.",2016-10-04,2016,2016_October_4_2016
Pence,He knew that.,2016-10-04,2016,2016_October_4_2016
Kaine,"Hillary Clinton has gone toe-to-toe with Russia to work out a deal on New START. She got them engaged in a meaningful way to cap Iran’s nuclear weapons program. And yet she stood up to them on issues such as Syria and their invasion of Georgia. You’ve got to have the ability to do that, and Hillary does.",2016-10-04,2016,2016_October_4_2016
Pence,But what’s it got to do with Russia?,2016-10-04,2016,2016_October_4_2016
Kaine,"Every president since Richard Nixon has done it, and Donald Trump has said I’m doing business with Russia. The only way the American public will see whether he has a conflict of interest…",2016-10-04,2016,2016_October_4_2016
Pence,"No, he hasn’t said that.",2016-10-04,2016,2016_October_4_2016
Kaine,"He has, actually.",2016-10-04,2016,2016_October_4_2016
Quijano,"Senator, your time is up. Governor?",2016-10-04,2016,2016_October_4_2016
Pence,"Well, thanks. I’m just trying to keep up with the insult-driven campaign on the other side of the table.",2016-10-04,2016,2016_October_4_2016
Kaine,"You know, I’m just saying facts about your running mate.",2016-10-04,2016,2016_October_4_2016
Kaine,And I know you can’t defend.,2016-10-04,2016,2016_October_4_2016
Quijano,"Senator, please. This is the governor’s two minutes.",2016-10-04,2016,2016_October_4_2016
Pence,"I’m happy to defend him, Senator. Don’t put words in my mouth that I’m not defending him.",2016-10-04,2016,2016_October_4_2016
Kaine,You’re not.,2016-10-04,2016,2016_October_4_2016
Pence,"I’m happy to defend him. Most of what you said is completely false, and the American people know that.",2016-10-04,2016,2016_October_4_2016
Kaine,I’ll run through the list of things where you won’t defend…,2016-10-04,2016,2016_October_4_2016
Pence,This isn’t the old days where you can just say stuff and people believe it.,2016-10-04,2016,2016_October_4_2016
Quijano,"Senator, please. This is Governor Pence’s two minutes.",2016-10-04,2016,2016_October_4_2016
Pence,"Look, this is the alternative universe of Washington, D.C., versus reality. Hillary Clinton said her number-one priority was a reset with Russia. That reset resulted in the invasion of Ukraine, after they’d infiltrated with what are called little green men, Russian soldiers that were dressing up like Ukrainian dissidents, and then they moved all the way into Crimea, took over the Crimean Peninsula. Donald Trump knew that happened. He basically was saying it’s not going to happen again. The truth of the matter is that what you have in the rise of aggressive Russia, which has had — increased its influence in Iran, that’s now — now because of this deal is on a pathway in the future to obtain a nuclear — the leading state sponsor of terror in the world in Iran now has a closer working relationship with Russia because of Hillary Clinton and Barack Obama’s foreign policy and $150 billion and sanctions all being lifted.",2016-10-04,2016,2016_October_4_2016
Kaine,We wiped out the leader of Al Qaida.,2016-10-04,2016,2016_October_4_2016
Pence,… on the day that Iran released four American hostages…,2016-10-04,2016,2016_October_4_2016
Kaine,We stopped Iran from getting nuclear weapons.,2016-10-04,2016,2016_October_4_2016
Pence,… we delivered $400 million in cash as a ransom payment for Americans held by the radical mullahs in Tehran.,2016-10-04,2016,2016_October_4_2016
Quijano,"Governor, yesterday, Mr. Trump said…",2016-10-04,2016,2016_October_4_2016
Kaine,And we stopped a nuclear weapons program without a shot.,2016-10-04,2016,2016_October_4_2016
Quijano,"… quote, “Putin has no respect for Hillary Clinton and no respect for Obama.” Why do you think he’ll respect a Trump-Pence administration?",2016-10-04,2016,2016_October_4_2016
Pence,Strength. Plain and simple.,2016-10-04,2016,2016_October_4_2016
Kaine,Business dealings.,2016-10-04,2016,2016_October_4_2016
Pence,Donald Trump — that’s nonsense. Donald Trump is a strong leader…,2016-10-04,2016,2016_October_4_2016
Kaine,Donald Trump’s son says that the Trump organization…,2016-10-04,2016,2016_October_4_2016
Pence,… who is going to lead with American strength.,2016-10-04,2016,2016_October_4_2016
Quijano,"Please, Senator, I’ll give you a chance to respond.",2016-10-04,2016,2016_October_4_2016
Pence,"We’re going to rebuild our military. And let me — let me — this whole Putin thing. Look, America is stronger than Russia. Our economy is 16 times larger than the Russian economy. America’s political system is superior to the crony, corrupt capitalist system in Russia in every way.",2016-10-04,2016,2016_October_4_2016
Quijano,Senator Kaine?,2016-10-04,2016,2016_October_4_2016
Pence,… of Hillary Clinton and Barack Obama.,2016-10-04,2016,2016_October_4_2016
Kaine,"Well, this is one where we can just kind of go to the tape on it. But Governor Pence said, inarguably, Vladimir Putin is a better leader than President Obama.",2016-10-04,2016,2016_October_4_2016
Pence,That is absolutely inaccurate.,2016-10-04,2016,2016_October_4_2016
Kaine,And — and — and I just think a guy who praises…,2016-10-04,2016,2016_October_4_2016
Pence,He said he’s stronger — he’s been stronger on the world stage.,2016-10-04,2016,2016_October_4_2016
Kaine,"No, he said leader. And if — and I’ll just say this, Governor.",2016-10-04,2016,2016_October_4_2016
Pence,You just said better.,2016-10-04,2016,2016_October_4_2016
Kaine,"If you mistake leadership for dictatorship, and you can’t tell the difference, a country that’s running its economy into the ground…",2016-10-04,2016,2016_October_4_2016
Pence,"Yeah, here we go. This is the grade school thing again?",2016-10-04,2016,2016_October_4_2016
Kaine,… persecuting journalists…,2016-10-04,2016,2016_October_4_2016
Pence,"Right, this is grade school.",2016-10-04,2016,2016_October_4_2016
Kaine,"… if you can’t tell the difference, you shouldn’t be commander-in-chief.",2016-10-04,2016,2016_October_4_2016
Kaine,"And with Donald Trump — Donald Trump’s sons say that they have all these business dealings with Russia. Those could be disclosed with tax returns, but they refuse to do them. Americans need to worry about whether Donald Trump will be watching out for America’s bottom line or his own bottom line.",2016-10-04,2016,2016_October_4_2016
Quijano,"Senator Kaine, what went wrong with the Russia reset?",2016-10-04,2016,2016_October_4_2016
Kaine,Vladimir Putin. Vladimir Putin is a dictator.,2016-10-04,2016,2016_October_4_2016
Quijano,And what would do you differently?,2016-10-04,2016,2016_October_4_2016
Kaine,"Vladimir Putin is a dictator. He’s not a leader. Anybody who thinks otherwise doesn’t know Russian history and they don’t know Vladimir Putin. Hillary Clinton knows exactly who this guy is. John McCain said, I look in his eyes and I see KGB. And Hillary kind of has that same feeling.",2016-10-04,2016,2016_October_4_2016
Kaine,So how do deal with him? You’ve got to — we do have to deal with Russia in a lot of different ways. There are areas where we can cooperate. So it was Hillary Clinton who worked with Russia on the New START Treaty to reduce their nuclear weapons stockpile. It was Hillary Clinton that worked with Russia to get them engaged in a community of nations to stop the Iranian nuclear weapons program without firing a shot.,2016-10-04,2016,2016_October_4_2016
Quijano,"All right, I’d like to ask now about North Korea, Iran and the threat of nuclear weapons. North Korea recently conducted its fifth and most powerful nuclear test.",2016-10-04,2016,2016_October_4_2016
Quijano,What specific steps would you take to prevent North Korea from developing a nuclear-armed missile capable of reaching the United States? Governor Pence?,2016-10-04,2016,2016_October_4_2016
Pence,"Well, first, we need to — we need to make a commitment to rebuild our military, including modernizing our nuclear forces. And we also need — we also need an effective American diplomacy that will marshal the resources of nations in the Asian Pacific Rim to put pressure on North Korea, on Kim Jong-un, to abandon his nuclear ambitions. It has to remain the policy of the United States of America the denuclearization of the Korean Peninsula, plain and simple.",2016-10-04,2016,2016_October_4_2016
Kaine,Until he…[crosstalk],2016-10-04,2016,2016_October_4_2016
Pence,"… done well in some focus group. But here — Hillary Clinton and her husband set up a private foundation called the Clinton Foundation. While she was secretary of state, the Clinton Foundation accepted tens of millions of dollars from foreign governments and foreign donors.",2016-10-04,2016,2016_October_4_2016
Quijano,"Governor, your two minutes are up.",2016-10-04,2016,2016_October_4_2016
Pence,… the reason the American people don’t trust Hillary Clinton is because they are looking at the pay to play politics that she operated with the Clinton Foundation through a private server…,2016-10-04,2016,2016_October_4_2016
Quijano,"Governor, please.",2016-10-04,2016,2016_October_4_2016
Pence,… while she’s secretary of state.,2016-10-04,2016,2016_October_4_2016
Quijano,"Your two minutes are up, Governor.",2016-10-04,2016,2016_October_4_2016
Pence,And they’re saying enough is enough.,2016-10-04,2016,2016_October_4_2016
Quijano,Senator Kaine?,2016-10-04,2016,2016_October_4_2016
Kaine,"I’m going to talk about the foundation, and then I’ll talk about North Korea. So, on the foundation. I am glad to talk about the foundation. The Clinton Foundation is one of the highest- rated charities in the world. It provides AIDS drugs to about 11.5 million people. It helps Americans deal with opioid overdoses. It gets higher rankings for its charity than the American Red Cross does. The Clinton Foundation does an awful lot of good work.",2016-10-04,2016,2016_October_4_2016
Pence,The Trump Foundation is a non-profit.,2016-10-04,2016,2016_October_4_2016
Kaine,"In addition, Donald Trump has a foundation. The foundation was just fined for illegally contributing foundation dollars to a political campaign of a Florida attorney general. They made an illegal contribution, and then they tried to hide it by disguising it to somebody else. And the person they donated to was somebody whose office was charged with investigating Trump University.",2016-10-04,2016,2016_October_4_2016
Quijano,"Governor, I will give you 30 seconds to respond, because I know you want to, but, again, I would remind you both this was about North Korea. [laughter]",2016-10-04,2016,2016_October_4_2016
Pence,"Well, thank you. Thank you. The Trump Foundation is a private family foundation. They give virtually every cent in the Trump Foundation to charitable causes.",2016-10-04,2016,2016_October_4_2016
Kaine,Political contributions?,2016-10-04,2016,2016_October_4_2016
Pence,Less than ten cents on the dollar in the Clinton Foundation has gone to charitable causes.,2016-10-04,2016,2016_October_4_2016
Kaine,"A $20,000 portrait of Donald Trump? PENCE: Less than 10 cents on the dollar of the Clinton Foundation has gone to charitable causes.",2016-10-04,2016,2016_October_4_2016
Kaine,Ninety percent.,2016-10-04,2016,2016_October_4_2016
Pence,"It has been a platform for the Clintons to travel the world, to have staff. But honestly, Senator, we would know a lot more about it if Hillary Clinton would just turn over the 33,000 e-mails…",2016-10-04,2016,2016_October_4_2016
Quijano,"All right, let’s turn back to North Korea…",2016-10-04,2016,2016_October_4_2016
Pence,… that she refused to turn over in her private server…,2016-10-04,2016,2016_October_4_2016
Quijano,Senator Kaine…,2016-10-04,2016,2016_October_4_2016
Pence,… and we’d have a much better picture of what the Clinton Foundation was about.,2016-10-04,2016,2016_October_4_2016
Quijano,"Senator Kaine, if you had intelligence that North Korea was about to launch a missile, a nuclear-armed missile capable of reaching the United States, would you take preemptive action?",2016-10-04,2016,2016_October_4_2016
Kaine,"If we — look, a president should take action to defend the United States against imminent threat. You have to. A president has to do that. Now exactly what action, you would have to determine what your intelligence was, how certain you were of that intelligence, but you would have to take action.",2016-10-04,2016,2016_October_4_2016
Quijano,"All right. I’d like to turn to our next segment now. And in this, I’d like to focus on social issues. You have both been open about the role that faith has played in your lives. Can you discuss in detail a time when you struggled to balance your personal faith and a public policy position? Senator Kaine?",2016-10-04,2016,2016_October_4_2016
Kaine,"Yeah, that’s an easy one for me, Elaine. It’s an easy one. I’m really fortunate. I grew up in a wonderful household with great Irish Catholic parents. My mom and dad are sitting right here. I was educated by Jesuits at Rockhurst High School in Kansas City. My 40th reunion is in 10 days.",2016-10-04,2016,2016_October_4_2016
Quijano,Governor Pence?,2016-10-04,2016,2016_October_4_2016
Pence,"Well, it’s a wonderful question. And my Christian faith is at the very heart of who I am. I was also raised in a wonderful family of faith. It was a church on Sunday morning and grace before dinner.",2016-10-04,2016,2016_October_4_2016
Kaine,That’s shared.,2016-10-04,2016,2016_October_4_2016
Pence,"But for me, I would tell you that for me the sanctity of life proceeds out of the belief that — that ancient principle that — where God says before you were formed in the womb, I knew you, and so for my first time in public life, I sought to stand with great compassion for the sanctity of life.",2016-10-04,2016,2016_October_4_2016
Kaine,"Elaine, this is a fundamental question, a fundamental question. Hillary and I are both people out of religious backgrounds, from Methodist church experience, which was really formative for her as a public servant.",2016-10-04,2016,2016_October_4_2016
Pence,"No, it’s really not. Donald Trump and I would never support legislation that punished women who made the heartbreaking choice to end a pregnancy.",2016-10-04,2016,2016_October_4_2016
Kaine,Then why did Donald Trump say that?,2016-10-04,2016,2016_October_4_2016
Pence,We just never would.,2016-10-04,2016,2016_October_4_2016
Kaine,Why did he say that?,2016-10-04,2016,2016_October_4_2016
Pence,"Well, look, it’s — look, he’s not a polished politician like you and Hillary Clinton. And so…",2016-10-04,2016,2016_October_4_2016
Kaine,"Well, I would admit that’s not a polished…[crosstalk]",2016-10-04,2016,2016_October_4_2016
Pence,"You know, things don’t always come out exactly the way he means them.",2016-10-04,2016,2016_October_4_2016
Kaine,"Well, can I say…",2016-10-04,2016,2016_October_4_2016
Pence,But I’m telling you what the policy of our administration would be.,2016-10-04,2016,2016_October_4_2016
Kaine,"Great line from the — great line from the gospel of Matthew. From the fullness of the heart, the mouth speaks.",2016-10-04,2016,2016_October_4_2016
Kaine,When Donald Trump says women should be punished or Mexicans are rapists and criminals…,2016-10-04,2016,2016_October_4_2016
Pence,I’m telling you…,2016-10-04,2016,2016_October_4_2016
Kaine,"… or John McCain is not a hero, he is showing you who he is.",2016-10-04,2016,2016_October_4_2016
Pence,"Senator, you’ve whipped out that Mexican thing again. He — look…",2016-10-04,2016,2016_October_4_2016
Kaine,Can you defend it?,2016-10-04,2016,2016_October_4_2016
Pence,"There are criminal aliens in this country, Tim, who have come into this country illegally who are perpetrating violence and taking American lives.",2016-10-04,2016,2016_October_4_2016
Kaine,You want to — you want to use a big broad brush against Mexicans on that?,2016-10-04,2016,2016_October_4_2016
Pence,"He also said and many of them are good people. You keep leaving that out of your quote. And if you want me to go there, I’ll go there.",2016-10-04,2016,2016_October_4_2016
Kaine,This is important —,2016-10-04,2016,2016_October_4_2016
Pence,… bring the — let’s welcome the children into our world. There are so many families around the country who can’t have children. We could improve adoption…,2016-10-04,2016,2016_October_4_2016
Kaine,"But, Governor…",2016-10-04,2016,2016_October_4_2016
Pence,… so that families that can’t have children can adopt more readily those children from crisis pregnancies.,2016-10-04,2016,2016_October_4_2016
Kaine,"Governor, why don’t you trust women to make this choice for themselves? We can encourage people to support life. Of course we can. But why don’t you trust women? Why doesn’t Donald Trump trust women to make this choice for themselves?",2016-10-04,2016,2016_October_4_2016
Pence,Because there are…,2016-10-04,2016,2016_October_4_2016
Kaine,"… but on fundamental issues of morality, we should let women make their own decisions.",2016-10-04,2016,2016_October_4_2016
Pence,"Because there is — a society can be judged by how it deals with its most vulnerable, the aged, the infirm, the disabled, and the unborn. I believe it with all my heart. And I couldn’t be more proud to be standing with a pro-life candidate in Donald Trump.",2016-10-04,2016,2016_October_4_2016
Quijano,"I do have one final question for you both tonight. It has been a divisive campaign. Senator Kaine, if your ticket wins, what specifically are you going to do to unify the country and reassure the people who voted against you?",2016-10-04,2016,2016_October_4_2016
Kaine,"That’s a really important one. That may be the $64,000 question, because it has been a divisive campaign. And again, Hillary is running a campaign about stronger together, and Donald Trump — and this is — this is not directed at this man, except to the extent that he can’t defend Donald Trump — Donald Trump has run a campaign that’s been about one insult after the next.",2016-10-04,2016,2016_October_4_2016
Quijano,"Governor, how will you unify the country if you win?",2016-10-04,2016,2016_October_4_2016
Pence,"Well, thank you, Elaine, and thanks for a great discussion…",2016-10-04,2016,2016_October_4_2016
Kaine,Absolutely.,2016-10-04,2016,2016_October_4_2016
Pence,"… tonight. Thank you, Senator.",2016-10-04,2016,2016_October_4_2016
Quijano,"All right, gentlemen, thank you so much.",2016-10-04,2016,2016_October_4_2016
